timestamp,user_id,event_type,endpoint,response_time_ms,cpu_percent,memory_percent,status_code
2026-08-21T04:33:17.641821+00:00,U3777,api_request,/dashboard,312,82.37,81.63,201
2026-08-21T04:33:17.641881+00:00,U9529,logout,/dashboard,197,47.53,66.06,500
2026-08-21T04:33:17.641972+00:00,U5234,login,/dashboard,600,41.09,43.87,404
2026-08-21T04:33:17.642018+00:00,U8632,page_view,/login,439,38.52,79.21,200
2026-08-21T04:33:17.642039+00:00,U9578,api_request,/api/users,789,68.62,81.82,200
2026-08-21T04:33:17.642052+00:00,U7007,search,/search,504,89.93,65.15,200
2026-08-21T04:33:17.642065+00:00,U6843,logout,/dashboard,790,57.87,82.42,500
2026-08-21T04:33:17.642079+00:00,U5474,search,/api/users,745,42.73,54.63,200
2026-08-21T04:33:17.642091+00:00,U3872,search,/,242,25.36,53.73,200
2026-08-21T04:33:17.642104+00:00,U9170,search,/api/data,576,36.63,39.11,500
2026-08-21T04:33:17.642118+00:00,U6785,page_view,/search,713,54.21,58.57,500
2026-08-21T04:33:17.642131+00:00,U4350,api_request,/api/users,568,55.76,68.42,200
2026-08-21T04:33:17.642143+00:00,U2603,search,/dashboard,192,25.49,38.49,200
2026-08-21T04:33:17.642155+00:00,U9914,logout,/login,291,41.67,43.89,200
2026-08-21T04:33:17.642167+00:00,U6214,search,/api/data,761,63.42,47.63,201
2026-08-21T04:33:17.642179+00:00,U2926,logout,/login,628,48.36,49.41,400
2026-08-21T04:33:17.642191+00:00,U1440,file_download,/search,468,85.6,72.73,400
2026-08-21T04:33:17.642205+00:00,U1322,search,/api/data,781,23.85,70.17,404
2026-08-21T04:33:17.642217+00:00,U6914,search,/,131,56.86,46.77,201
2026-08-21T04:33:17.642230+00:00,U1836,api_request,/api/data,753,90.09,77.69,500
2026-08-21T04:33:17.642242+00:00,U7095,search,/api/users,741,37.95,44.2,400
2026-08-21T04:33:17.642254+00:00,U9771,login,/search,322,20.97,64.64,400
2026-08-21T04:33:17.642266+00:00,U7115,login,/api/users,576,76.85,30.97,400
2026-08-21T04:33:17.642277+00:00,U1986,login,/,297,58.01,89.56,404
2026-08-21T04:33:17.642290+00:00,U4846,search,/dashboard,303,62.27,81.44,500
2026-08-21T04:33:17.642302+00:00,U3036,page_view,/dashboard,753,38.94,62.29,200
2026-08-21T04:33:17.642314+00:00,U4130,page_view,/api/users,88,43.47,62.58,200
2026-08-21T04:33:17.642327+00:00,U1793,file_download,/api/users,228,48.77,57.92,200
2026-08-21T04:33:17.642340+00:00,U3150,search,/api/data,543,53.15,74.14,200
2026-08-21T04:33:17.642351+00:00,U5752,login,/dashboard,587,52.08,89.85,200
2026-08-21T04:33:17.642364+00:00,U6769,search,/login,372,68.0,59.73,201
2026-08-21T04:33:17.642375+00:00,U4369,page_view,/api/users,376,62.45,40.58,404
2026-08-21T04:33:17.642388+00:00,U8428,login,/login,384,32.76,63.69,201
2026-08-21T04:33:17.642399+00:00,U7383,file_download,/dashboard,456,60.09,31.75,404
2026-08-21T04:33:17.642412+00:00,U1993,search,/dashboard,724,88.94,30.51,400
2026-08-21T04:33:17.642423+00:00,U1516,search,/login,201,37.51,75.2,500
2026-08-21T04:33:17.642435+00:00,U4538,page_view,/api/users,661,68.67,72.52,200
2026-08-21T04:33:17.642447+00:00,U7761,search,/api/users,742,23.48,72.99,201
2026-08-21T04:33:17.642460+00:00,U7902,file_download,/,57,55.72,68.34,200
2026-08-21T04:33:17.642472+00:00,U7210,api_request,/api/data,287,71.37,60.33,400
2026-08-21T04:33:17.642484+00:00,U6581,search,/,255,77.46,50.17,200
2026-08-21T04:33:17.642495+00:00,U9156,login,/login,516,93.88,38.34,500
2026-08-21T04:33:17.642507+00:00,U1078,search,/api/users,346,72.61,33.49,500
2026-08-21T04:33:17.642520+00:00,U5727,login,/api/users,380,27.27,37.48,404
2026-08-21T04:33:17.642535+00:00,U6519,api_request,/api/data,778,59.47,32.71,500
2026-08-21T04:33:17.642547+00:00,U7189,logout,/search,46,45.26,41.82,200
2026-08-21T04:33:17.642558+00:00,U7681,search,/,623,60.6,57.02,200
2026-08-21T04:33:17.642569+00:00,U2626,login,/api/data,703,76.25,48.22,500
2026-08-21T04:33:17.642581+00:00,U1355,api_request,/search,49,71.81,44.59,400
2026-08-21T04:33:17.642592+00:00,U8685,login,/api/users,291,75.61,77.01,200
2026-08-21T04:33:17.642604+00:00,U9003,search,/api/data,374,30.35,41.85,200
2026-08-21T04:33:17.642615+00:00,U3514,login,/dashboard,341,20.21,44.31,201
2026-08-21T04:33:17.642626+00:00,U9733,logout,/api/users,231,35.58,60.9,200
2026-08-21T04:33:17.642645+00:00,U1755,file_download,/login,99,43.61,39.47,404
2026-08-21T04:33:17.642663+00:00,U4883,login,/login,188,80.99,69.5,200
2026-08-21T04:33:17.642677+00:00,U5980,api_request,/api/data,611,91.02,37.48,201
2026-08-21T04:33:17.642719+00:00,U1717,search,/dashboard,209,61.28,32.98,404
2026-08-21T04:33:17.642733+00:00,U5679,api_request,/api/users,535,41.46,37.55,404
2026-08-21T04:33:17.642745+00:00,U3493,login,/api/data,505,62.6,53.47,200
2026-08-21T04:33:17.642757+00:00,U9903,search,/dashboard,645,92.97,63.5,500
2026-08-21T04:33:17.642768+00:00,U3261,file_download,/,207,84.36,60.51,200
2026-08-21T04:33:17.642780+00:00,U9181,login,/search,415,76.62,61.52,404
2026-08-21T04:33:17.642791+00:00,U3543,api_request,/dashboard,494,90.67,80.36,200
2026-08-21T04:33:17.642803+00:00,U7708,login,/dashboard,520,46.58,41.6,201
2026-08-21T04:33:17.642816+00:00,U3319,file_download,/search,358,93.75,32.94,200
2026-08-21T04:33:17.642827+00:00,U6071,login,/search,656,72.94,39.89,404
2026-08-21T04:33:17.642839+00:00,U1488,login,/api/users,241,30.26,39.95,400
2026-08-21T04:33:17.642851+00:00,U8598,search,/,526,27.19,68.11,201
2026-08-21T04:33:17.642863+00:00,U3297,file_download,/login,180,35.31,80.24,400
2026-08-21T04:33:17.642875+00:00,U8052,api_request,/api/data,292,28.96,57.32,200
2026-08-21T04:33:17.642887+00:00,U2577,search,/dashboard,322,94.01,81.51,500
2026-08-21T04:33:17.642898+00:00,U6896,api_request,/search,396,41.74,71.83,400
2026-08-21T04:33:17.642909+00:00,U7199,file_download,/api/data,36,46.02,51.73,400
2026-08-21T04:33:17.642921+00:00,U3680,search,/search,571,46.86,38.33,500
2026-08-21T04:33:17.642932+00:00,U5622,search,/dashboard,358,29.61,33.29,404
2026-08-21T04:33:17.642943+00:00,U1062,logout,/api/users,154,28.01,73.76,400
2026-08-21T04:33:17.642957+00:00,U2020,page_view,/dashboard,621,32.06,64.61,200
2026-08-21T04:33:17.642968+00:00,U4002,page_view,/api/users,269,66.91,52.89,200
2026-08-21T04:33:17.642980+00:00,U9377,file_download,/api/data,119,67.98,34.78,200
2026-08-21T04:33:17.642992+00:00,U3707,api_request,/,494,73.02,50.22,201
2026-08-21T04:33:17.643004+00:00,U1205,file_download,/login,703,69.88,89.96,200
2026-08-21T04:33:17.643015+00:00,U7492,search,/api/users,698,91.22,60.57,201
2026-08-21T04:33:17.643026+00:00,U5355,login,/,248,91.53,73.68,200
2026-08-21T04:33:17.643038+00:00,U8660,search,/api/data,240,66.0,89.62,404
2026-08-21T04:33:17.643049+00:00,U8505,login,/api/data,261,67.84,69.35,200
2026-08-21T04:33:17.643061+00:00,U4864,file_download,/api/users,419,49.0,84.53,200
2026-08-21T04:33:17.643073+00:00,U1546,login,/search,318,40.37,41.57,201
2026-08-21T04:33:17.643084+00:00,U1316,page_view,/api/data,495,27.29,59.4,500
2026-08-21T04:33:17.643095+00:00,U2918,file_download,/login,473,28.76,34.11,200
2026-08-21T04:33:17.643107+00:00,U5342,file_download,/login,635,75.02,77.15,500
2026-08-21T04:33:17.643118+00:00,U5803,logout,/api/data,106,91.21,62.33,201
2026-08-21T04:33:17.643129+00:00,U7116,search,/search,190,82.27,60.82,200
2026-08-21T04:33:17.643141+00:00,U4635,page_view,/login,134,81.17,61.57,200
2026-08-21T04:33:17.643152+00:00,U6335,login,/login,350,71.03,85.44,200
2026-08-21T04:33:17.643164+00:00,U2003,login,/,38,90.04,80.32,200
2026-08-21T04:33:17.643175+00:00,U9060,page_view,/dashboard,645,45.44,60.56,200
2026-08-21T04:33:17.643186+00:00,U3571,api_request,/dashboard,78,77.46,77.87,201
2026-08-21T04:33:17.643198+00:00,U1747,page_view,/,127,50.18,62.84,200
2026-08-21T04:33:17.643210+00:00,U3717,api_request,/login,626,52.79,71.95,200
2026-08-21T04:33:17.643221+00:00,U5488,file_download,/,623,52.27,74.7,201
