file,records,average_response_ms,average_cpu,average_memory,errors,processing_time_seconds
batch_0.csv,100,454.44,58.47,60.1,47,0.024082
batch_1.csv,100,398.58,57.66,59.76,45,0.003839
batch_2.csv,100,450.14,57.33,58.48,38,0.004171
batch_3.csv,100,428.56,57.27,62.06,45,0.002957
batch_4.csv,100,415.39,57.71,58.9,42,0.005046
batch_5.csv,100,411.9,56.54,58.87,44,0.002697
batch_6.csv,100,423.58,55.13,59.72,44,0.003504
batch_7.csv,100,435.99,58.91,61.58,45,0.003902
batch_8.csv,100,399.29,55.85,62.57,41,0.0043
batch_9.csv,100,380.34,59.08,62.66,50,0.005375
